250801751591033,250801550311883,17/12/2029
250801751591034,250801550311884,17/12/2029
250801751591035,250801550311885,17/12/2029
250801751591036,250801550311886,17/12/2029
250801751591037,250801550311887,17/12/2029
250801751591038,250801550311888,17/12/2029
250801751591039,250801550311889,17/12/2029
250801751591040,250801550311890,17/12/2029
250801751591041,250801550311891,17/12/2029
250801751591042,250801550311892,17/12/2029
250801751591043,250801550311893,17/12/2029
250801751591044,250801550311894,17/12/2029
250801751591045,250801550311895,17/12/2029
250801751591046,250801550311896,17/12/2029
250801751591047,250801550311897,17/12/2029
