100000135519143,100009799089314,18/12/2029
100000135519144,100009799089315,18/12/2029
100000135519145,100009799089316,18/12/2029
100000135519146,100009799089317,18/12/2029
100000135519147,100009799089318,18/12/2029
100000135519148,100009799089319,18/12/2029
100000135519149,100009799089320,18/12/2029
100000135519150,100009799089321,18/12/2029
100000135519151,100009799089322,18/12/2029
100000135519152,100009799089323,18/12/2029
100000135519153,100009799089324,18/12/2029
100000135519154,100009799089325,18/12/2029
100000135519155,100009799089326,18/12/2029
100000135519156,100009799089327,18/12/2029
100000135519157,100009799089328,18/12/2029
100000135519158,100009799089329,18/12/2029
100000135519159,100009799089330,18/12/2029
100000135519160,100009799089331,18/12/2029
100000135519161,100009799089332,18/12/2029
100000135519162,100009799089333,18/12/2029
100000135519163,100009799089334,18/12/2029
100000135519164,100009799089335,18/12/2029
100000135519165,100009799089336,18/12/2029
100000135519166,100009799089337,18/12/2029
100000135519167,100009799089338,18/12/2029
100000135519168,100009799089339,18/12/2029
100000135519169,100009799089340,18/12/2029
100000135519170,100009799089341,18/12/2029
100000135519171,100009799089342,18/12/2029
100000135519172,100009799089343,18/12/2029
100000135519173,100009799089344,18/12/2029
100000135519174,100009799089345,18/12/2029
100000135519175,100009799089346,18/12/2029
100000135519176,100009799089347,18/12/2029
100000135519177,100009799089348,18/12/2029
100000135519178,100009799089349,18/12/2029
100000135519179,100009799089350,18/12/2029
100000135519180,100009799089351,18/12/2029
100000135519181,100009799089352,18/12/2029
100000135519182,100009799089353,18/12/2029
100000135519183,100009799089354,18/12/2029
100000135519184,100009799089355,18/12/2029
100000135519185,100009799089356,18/12/2029
100000135519186,100009799089357,18/12/2029
100000135519187,100009799089358,18/12/2029
100000135519188,100009799089359,18/12/2029
100000135519189,100009799089360,18/12/2029
100000135519190,100009799089361,18/12/2029
100000135519191,100009799089362,18/12/2029
100000135519192,100009799089363,18/12/2029
100000135519193,100009799089364,18/12/2029
100000135519194,100009799089365,18/12/2029
100000135519195,100009799089366,18/12/2029
100000135519196,100009799089367,18/12/2029
100000135519197,100009799089368,18/12/2029
100000135519198,100009799089369,18/12/2029
100000135519199,100009799089370,18/12/2029
100000135519200,100009799089371,18/12/2029
100000135519201,100009799089372,18/12/2029
100000135519202,100009799089373,18/12/2029
100000135519203,100009799089374,18/12/2029
100000135519204,100009799089375,18/12/2029
100000135519205,100009799089376,18/12/2029
100000135519206,100009799089377,18/12/2029
100000135519207,100009799089378,18/12/2029
100000135519208,100009799089379,18/12/2029
100000135519209,100009799089380,18/12/2029
100000135519210,100009799089381,18/12/2029
100000135519211,100009799089382,18/12/2029
100000135519212,100009799089383,18/12/2029
100000135519213,100009799089384,18/12/2029
100000135519214,100009799089385,18/12/2029
100000135519215,100009799089386,18/12/2029
100000135519216,100009799089387,18/12/2029
100000135519217,100009799089388,18/12/2029
100000135519218,100009799089389,18/12/2029
100000135519219,100009799089390,18/12/2029
100000135519220,100009799089391,18/12/2029
100000135519221,100009799089392,18/12/2029
100000135519222,100009799089393,18/12/2029
100000135519223,100009799089394,18/12/2029
100000135519224,100009799089395,18/12/2029
100000135519225,100009799089396,18/12/2029
100000135519226,100009799089397,18/12/2029
100000135519227,100009799089398,18/12/2029
100000135519228,100009799089399,18/12/2029
100000135519229,100009799089400,18/12/2029
100000135519230,100009799089401,18/12/2029
100000135519231,100009799089402,18/12/2029
100000135519232,100009799089403,18/12/2029
100000135519233,100009799089404,18/12/2029
100000135519234,100009799089405,18/12/2029
100000135519235,100009799089406,18/12/2029
100000135519236,100009799089407,18/12/2029
100000135519237,100009799089408,18/12/2029
100000135519238,100009799089409,18/12/2029
100000135519239,100009799089410,18/12/2029
100000135519240,100009799089411,18/12/2029
100000135519241,100009799089412,18/12/2029
100000135519242,100009799089413,18/12/2029
